<?xml version="1.0"?>
<!DOCTYPE service-builder PUBLIC "-//Liferay//DTD Service Builder 7.0.0//EN" "http://www.liferay.com/dtd/liferay-service-builder_7_0_0.dtd">

<service-builder package-path="EmployeeCrud">
    <namespace>employee</namespace>
	<entity local-service="true" name="Employee" remote-service="false" uuid="true" table="employee_table">
        <column name="id" type="long" primary="true"></column>
        <column name="name" type="String"></column>
        <column name="age" type="int"></column>
        <column name="city" type="String"></column>
        <column name="state" type="String"></column>
        <column name="country" type="String"></column>
        <column name="contactno" type="long"></column>
        <column name="qualification" type="String"></column>
	</entity>
</service-builder>