<?xml version="1.0"?>
<!DOCTYPE hibernate-mapping PUBLIC "-//Hibernate/Hibernate Mapping DTD 3.0//EN" "http://hibernate.sourceforge.net/hibernate-mapping-3.0.dtd">

<hibernate-mapping auto-import="false" default-lazy="false">
	<import class="EmployeeCrud.model.Employee" />
	<class name="EmployeeCrud.model.impl.EmployeeImpl" table="employee_table">
		<id column="id_" name="id" type="long">
			<generator class="assigned" />
		</id>
		<property column="uuid_" name="uuid" type="com.liferay.portal.dao.orm.hibernate.StringType" />
		<property name="name" type="com.liferay.portal.dao.orm.hibernate.StringType" />
		<property name="age" type="com.liferay.portal.dao.orm.hibernate.IntegerType" />
		<property name="city" type="com.liferay.portal.dao.orm.hibernate.StringType" />
		<property column="state_" name="state" type="com.liferay.portal.dao.orm.hibernate.StringType" />
		<property name="country" type="com.liferay.portal.dao.orm.hibernate.StringType" />
		<property name="contactno" type="com.liferay.portal.dao.orm.hibernate.LongType" />
		<property name="qualification" type="com.liferay.portal.dao.orm.hibernate.StringType" />
	</class>
</hibernate-mapping>